insert into basic_parameter (code,value,reference) values ('10','系统','basic_group__type');
insert into basic_parameter (code,value,reference) values ('20','组织机构','basic_group__type');
insert into basic_parameter (code,value,reference) values ('30','职位','basic_group__type');
insert into basic_parameter (code,value,reference) values ('10','正常','basic_group__status');
insert into basic_parameter (code,value,reference) values ('20','关闭','basic_group__status');
insert into basic_parameter (code,value,reference) values ('10','节点','basic_permission__type');
insert into basic_parameter (code,value,reference) values ('20','页面','basic_permission__type');
insert into basic_parameter (code,value,reference) values ('30','按钮','basic_permission__type');
insert into basic_parameter (code,value,reference) values ('40','逻辑','basic_permission__type');
insert into basic_parameter (code,value,reference) values ('10','正常','basic_user__status');
insert into basic_parameter (code,value,reference) values ('20','关闭','basic_user__status');
insert into basic_parameter (code,value,reference) values ('10','系统','basic_user__type');
insert into basic_parameter (code,value,reference) values ('20','学生','basic_user__type');
insert into basic_parameter (code,value,reference) values ('30','教师','basic_user__type');
insert into basic_parameter (code,value,reference) values ('10','节点','exam_subject__type');
insert into basic_parameter (code,value,reference) values ('20','科目','exam_subject__type');
insert into basic_parameter (code,value,reference) values ('30','知识点','exam_subject__type');
insert into basic_parameter (code,value,reference) values ('10','多人统一考试','exam_paper__type');
insert into basic_parameter (code,value,reference) values ('20','练习卷','exam_paper__type');
insert into basic_parameter (code,value,reference) values ('10','正常','exam_paper__status');
insert into basic_parameter (code,value,reference) values ('20','关闭','exam_paper__status');
insert into basic_parameter (code,value,reference) values ('1','单选','exam_question__type');
insert into basic_parameter (code,value,reference) values ('2','多选','exam_question__type');
insert into basic_parameter (code,value,reference) values ('3','判断','exam_question__type');
insert into basic_parameter (code,value,reference) values ('4','填空','exam_question__type');
insert into basic_parameter (code,value,reference) values ('5','组合','exam_question__type');
insert into basic_parameter (code,value,reference) values ('6','简答','exam_question__type');
insert into basic_parameter (code,value,reference) values ('7','题纲','exam_question__type');
insert into basic_parameter (code,value,reference) values ('1','水平','exam_question__layout');
insert into basic_parameter (code,value,reference) values ('2','垂直','exam_question__layout');
insert into basic_parameter (code,value,reference) values ('10','正常','exam_paper_log__status');
insert into basic_parameter (code,value,reference) values ('20','待批改','exam_paper_log__status');

insert into basic_permission (name,type,code,icon,path) values('登陆','20','10','../file/icon48x48/login.png','basic_user__login.html'); 
insert into basic_permission (name,type,code,icon,path) values('用户中心','20','11','../file/icon48x48/user_center.png','basic_user__center.html'); 
insert into basic_permission (name,type,code,icon,path) values('修改','30','1101','../file/icon16x16/edit.gif',''); 
insert into basic_permission (name,type,code,icon,path) values('退出','30','1199','../file/icon16x16/logout.gif',''); 
insert into basic_permission (name,type,code,icon,path) values('管理中心','10','12','../file/icon48x48/manger_center.png',''); 
insert into basic_permission (name,type,code,icon,path) values('用户组','20','1201','../file/icon48x48/user_group.png','basic_group__grid.html'); 
insert into basic_permission (name,type,code,icon,path) values('添加','30','120121','../file/icon16x16/add.gif',''); 
insert into basic_permission (name,type,code,icon,path) values('删除','30','120122','../file/icon16x16/delete.png',''); 
insert into basic_permission (name,type,code,icon,path) values('修改','30','120123','../file/icon16x16/edit.gif',''); 
insert into basic_permission (name,type,code,icon,path) values('权限','30','120190','../file/icon16x16/config.png',''); 
insert into basic_permission (name,type,code,icon,path) values('用户列表','20','1202','../file/icon48x48/user_grid.png','basic_user__grid.html'); 
insert into basic_permission (name,type,code,icon,path) values('查询','30','120201','../file/icon16x16/search.gif',''); 
insert into basic_permission (name,type,code,icon,path) values('详细','30','120202','../file/icon16x16/detail.gif',''); 
insert into basic_permission (name,type,code,icon,path) values('角色','30','12020202','../file/icon16x16/detail.gif',''); 
insert into basic_permission (name,type,code,icon,path) values('删除','30','12020222','../file/icon16x16/delete.png',''); 
insert into basic_permission (name,type,code,icon,path) values('修改','30','12020223','../file/icon16x16/edit.gif',''); 
insert into basic_permission (name,type,code,icon,path) values('查看权限','30','12020203','../file/icon16x16/detail.gif',''); 
insert into basic_permission (name,type,code,icon,path) values('添加','30','120221','../file/icon16x16/add.gif',''); 
insert into basic_permission (name,type,code,icon,path) values('修改','30','120222','../file/icon16x16/edit.gif',''); 
insert into basic_permission (name,type,code,icon,path) values('删除','30','120223','../file/icon16x16/delete.png',''); 
insert into basic_permission (name,type,code,icon,path) values('用户组','30','120290','../file/icon16x16/group.gif',''); 
insert into basic_permission (name,type,code,icon,path) values('参数','20','1203','../file/icon48x48/config.png','basic_parameter__grid.html'); 
insert into basic_permission (name,type,code,icon,path) values('添加','30','120321','../file/icon16x16/add.gif',''); 
insert into basic_permission (name,type,code,icon,path) values('查询','30','120301','../file/icon16x16/search.gif',''); 
insert into basic_permission (name,type,code,icon,path) values('删除','30','120322','../file/icon16x16/delete.png',''); 
insert into basic_permission (name,type,code,icon,path) values('重置内存','30','120390','../file/icon16x16/resetMemory.png',''); 
insert into basic_permission (name,type,code,icon,path) values('练习册','20','40','../file/icon48x48/paper.png','exam_paper__grid.html'); 
insert into basic_permission (name,type,code,icon,path) values('查询','30','4001','../file/icon16x16/search.gif',''); 
insert into basic_permission (name,type,code,icon,path) values('查看','30','4002','../file/icon16x16/detail.gif',''); 
insert into basic_permission (name,type,code,icon,path) values('导入','30','4011','../file/icon16x16/import.gif',''); 
insert into basic_permission (name,type,code,icon,path) values('导出','30','4012','../file/icon16x16/export.gif',''); 
insert into basic_permission (name,type,code,icon,path) values('删除','30','4022','../file/icon16x16/edit.gif',''); 
insert into basic_permission (name,type,code,icon,path) values('修改','30','4023','../file/icon16x16/delete.png',''); 
insert into basic_permission (name,type,code,icon,path) values('练习','30','4090','../file/icon16x16/dopaper.gif',''); 
insert into basic_permission (name,type,code,icon,path) values('考卷','20','41','../file/icon48x48/exam.png','exam_paper_multionline__grid.html'); 
insert into basic_permission (name,type,code,icon,path) values('查询','30','4101','../file/icon16x16/search.gif',''); 
insert into basic_permission (name,type,code,icon,path) values('查看','30','4102','../file/icon16x16/detail.gif',''); 
insert into basic_permission (name,type,code,icon,path) values('导入','30','4111','../file/icon16x16/import.gif',''); 
insert into basic_permission (name,type,code,icon,path) values('导出','30','4112','../file/icon16x16/export.gif',''); 
insert into basic_permission (name,type,code,icon,path) values('删除','30','4122','../file/icon16x16/edit.gif',''); 
insert into basic_permission (name,type,code,icon,path) values('修改','30','4123','../file/icon16x16/delete.png',''); 
insert into basic_permission (name,type,code,icon,path) values('考试','30','4190','../file/icon16x16/dopaper.gif',''); 
insert into basic_permission (name,type,code,icon,path) values('做题记录','20','42','../file/icon48x48/log.png','exam_paper_log__grid.html'); 
insert into basic_permission (name,type,code,icon,path) values('查询','30','4201','../file/icon16x16/search.gif',''); 
insert into basic_permission (name,type,code,icon,path) values('批改','30','4290','../file/icon16x16/paper_mark.png',''); 
insert into basic_permission (name,type,code,icon,path) values('错题本','20','43','../file/icon48x48/question_log_wrongs.png','exam_question_log_wrongs__grid.html'); 
insert into basic_permission (name,type,code,icon,path) values('查询','30','4301','../file/icon16x16/search.gif',''); 
insert into basic_permission (name,type,code,icon,path) values('删除','30','4322','../file/icon16x16/delete.png',''); 
insert into basic_permission (name,type,code,icon,path) values('练习','30','4390','../file/icon16x16/dopaper.gif',''); 
insert into basic_permission (name,type,code,icon,path) values('成绩统计','20','44','../file/icon48x48/statistics.png','exam_subject_2_user_log__statistics.html'); 
insert into basic_permission (name,type,code,icon,path) values('科目','20','45','../file/icon48x48/subject.png','exam_subject__grid.html'); 
insert into basic_permission (name,type,code,icon,path) values('添加','30','4521','../file/icon16x16/add.gif',''); 
insert into basic_permission (name,type,code,icon,path) values('删除','30','4522','../file/icon16x16/delete.png',''); 
insert into basic_permission (name,type,code,icon,path) values('分配','30','4590','../file/icon16x16/subject_2_group.png',''); 
insert into basic_permission (name,type,code,icon,path) values('关于本系统','20','99','../file/icon48x48/about.png','about.html'); 

insert into basic_group_2_permission (permission_code,group_code) values ('10','10');
insert into basic_group_2_permission (permission_code,group_code) values ('11','10');
insert into basic_group_2_permission (permission_code,group_code) values ('1101','10');
insert into basic_group_2_permission (permission_code,group_code) values ('1199','10');
insert into basic_group_2_permission (permission_code,group_code) values ('12','10');
insert into basic_group_2_permission (permission_code,group_code) values ('1201','10');
insert into basic_group_2_permission (permission_code,group_code) values ('120121','10');
insert into basic_group_2_permission (permission_code,group_code) values ('120122','10');
insert into basic_group_2_permission (permission_code,group_code) values ('120123','10');
insert into basic_group_2_permission (permission_code,group_code) values ('120190','10');
insert into basic_group_2_permission (permission_code,group_code) values ('1202','10');
insert into basic_group_2_permission (permission_code,group_code) values ('120201','10');
insert into basic_group_2_permission (permission_code,group_code) values ('120202','10');
insert into basic_group_2_permission (permission_code,group_code) values ('12020202','10');
insert into basic_group_2_permission (permission_code,group_code) values ('12020222','10');
insert into basic_group_2_permission (permission_code,group_code) values ('12020223','10');
insert into basic_group_2_permission (permission_code,group_code) values ('12020203','10');
insert into basic_group_2_permission (permission_code,group_code) values ('120221','10');
insert into basic_group_2_permission (permission_code,group_code) values ('120222','10');
insert into basic_group_2_permission (permission_code,group_code) values ('120223','10');
insert into basic_group_2_permission (permission_code,group_code) values ('120290','10');
insert into basic_group_2_permission (permission_code,group_code) values ('1203','10');
insert into basic_group_2_permission (permission_code,group_code) values ('120321','10');
insert into basic_group_2_permission (permission_code,group_code) values ('120301','10');
insert into basic_group_2_permission (permission_code,group_code) values ('120322','10');
insert into basic_group_2_permission (permission_code,group_code) values ('120390','10');
insert into basic_group_2_permission (permission_code,group_code) values ('40','10');
insert into basic_group_2_permission (permission_code,group_code) values ('4001','10');
insert into basic_group_2_permission (permission_code,group_code) values ('4002','10');
insert into basic_group_2_permission (permission_code,group_code) values ('4011','10');
insert into basic_group_2_permission (permission_code,group_code) values ('4012','10');
insert into basic_group_2_permission (permission_code,group_code) values ('4022','10');
insert into basic_group_2_permission (permission_code,group_code) values ('4023','10');
insert into basic_group_2_permission (permission_code,group_code) values ('4090','10');
insert into basic_group_2_permission (permission_code,group_code) values ('41','10');
insert into basic_group_2_permission (permission_code,group_code) values ('4101','10');
insert into basic_group_2_permission (permission_code,group_code) values ('4102','10');
insert into basic_group_2_permission (permission_code,group_code) values ('4111','10');
insert into basic_group_2_permission (permission_code,group_code) values ('4112','10');
insert into basic_group_2_permission (permission_code,group_code) values ('4122','10');
insert into basic_group_2_permission (permission_code,group_code) values ('4123','10');
insert into basic_group_2_permission (permission_code,group_code) values ('4190','10');
insert into basic_group_2_permission (permission_code,group_code) values ('42','10');
insert into basic_group_2_permission (permission_code,group_code) values ('4201','10');
insert into basic_group_2_permission (permission_code,group_code) values ('4290','10');
insert into basic_group_2_permission (permission_code,group_code) values ('43','10');
insert into basic_group_2_permission (permission_code,group_code) values ('4301','10');
insert into basic_group_2_permission (permission_code,group_code) values ('4322','10');
insert into basic_group_2_permission (permission_code,group_code) values ('4390','10');
insert into basic_group_2_permission (permission_code,group_code) values ('44','10');
insert into basic_group_2_permission (permission_code,group_code) values ('45','10');
insert into basic_group_2_permission (permission_code,group_code) values ('4521','10');
insert into basic_group_2_permission (permission_code,group_code) values ('4522','10');
insert into basic_group_2_permission (permission_code,group_code) values ('4590','10');
insert into basic_group_2_permission (permission_code,group_code) values ('99','10');

insert into basic_group_2_permission (permission_code,group_code) values ('10','99');
insert into basic_group_2_permission (permission_code,group_code) values ('99','99');

insert into basic_group_2_permission (permission_code,group_code) values ('10','98');
insert into basic_group_2_permission (permission_code,group_code) values ('99','98');
insert into basic_group_2_permission (permission_code,group_code) values ('40','98');
insert into basic_group_2_permission (permission_code,group_code) values ('4090','98');

insert into basic_group_2_permission (permission_code,group_code) values ('10','80');
insert into basic_group_2_permission (permission_code,group_code) values ('99','80');
insert into basic_group_2_permission (permission_code,group_code) values ('40','80');
insert into basic_group_2_permission (permission_code,group_code) values ('4090','80');

insert into basic_group_2_permission (permission_code,group_code) values ('11','20');
insert into basic_group_2_permission (permission_code,group_code) values ('1101','20');
insert into basic_group_2_permission (permission_code,group_code) values ('1199','20');
insert into basic_group_2_permission (permission_code,group_code) values ('40','20');
insert into basic_group_2_permission (permission_code,group_code) values ('4001','20');
insert into basic_group_2_permission (permission_code,group_code) values ('4002','20');
insert into basic_group_2_permission (permission_code,group_code) values ('4090','20');
insert into basic_group_2_permission (permission_code,group_code) values ('41','20');
insert into basic_group_2_permission (permission_code,group_code) values ('4101','20');
insert into basic_group_2_permission (permission_code,group_code) values ('4102','20');
insert into basic_group_2_permission (permission_code,group_code) values ('4190','20');
insert into basic_group_2_permission (permission_code,group_code) values ('42','20');
insert into basic_group_2_permission (permission_code,group_code) values ('4201','20');
insert into basic_group_2_permission (permission_code,group_code) values ('43','20');
insert into basic_group_2_permission (permission_code,group_code) values ('4301','20');
insert into basic_group_2_permission (permission_code,group_code) values ('4322','20');
insert into basic_group_2_permission (permission_code,group_code) values ('4390','20');
insert into basic_group_2_permission (permission_code,group_code) values ('44','20');


insert into basic_group(name,code,id,type,status) values ('管理员','10','10','10','10');
insert into basic_group(name,code,id,type,status) values ('学生','20','20','20','10');
insert into basic_group(name,code,id,type,status) values ('教师','80','80','20','10');
insert into basic_group(name,code,id,type,status) values ('访客','99','99','10','10');
insert into basic_group(name,code,id,type,status) values ('新注册','98','98','10','10');

insert into basic_user (id,username,password,money,group_code,group_all,type,status) values ('1','admin',md5('admin'),'1000','10','10','10','10');
insert into basic_user (id,username,password,money,group_code,group_all,type,status) values ('2','guest',md5('guest'),'100','99','99','10','10');

insert into basic_group_2_user (user_code,group_code) values ('admin','10');
insert into basic_group_2_user (user_code,group_code) values ('guest','99');