insert into basic_group_2_permission (permission_code,group_code) values ('11','200501');
insert into basic_group_2_permission (permission_code,group_code) values ('1101','200501');
insert into basic_group_2_permission (permission_code,group_code) values ('1199','200501');
insert into basic_group_2_permission (permission_code,group_code) values ('40','200501');
insert into basic_group_2_permission (permission_code,group_code) values ('4001','200501');
insert into basic_group_2_permission (permission_code,group_code) values ('4002','200501');
insert into basic_group_2_permission (permission_code,group_code) values ('4090','200501');
insert into basic_group_2_permission (permission_code,group_code) values ('41','200501');
insert into basic_group_2_permission (permission_code,group_code) values ('4101','200501');
insert into basic_group_2_permission (permission_code,group_code) values ('4102','200501');
insert into basic_group_2_permission (permission_code,group_code) values ('4190','200501');
insert into basic_group_2_permission (permission_code,group_code) values ('42','200501');
insert into basic_group_2_permission (permission_code,group_code) values ('4201','200501');
insert into basic_group_2_permission (permission_code,group_code) values ('43','200501');
insert into basic_group_2_permission (permission_code,group_code) values ('4301','200501');
insert into basic_group_2_permission (permission_code,group_code) values ('4322','200501');
insert into basic_group_2_permission (permission_code,group_code) values ('4390','200501');
insert into basic_group_2_permission (permission_code,group_code) values ('44','200501');

insert into basic_group_2_permission (permission_code,group_code) values ('11','200502');
insert into basic_group_2_permission (permission_code,group_code) values ('1101','200502');
insert into basic_group_2_permission (permission_code,group_code) values ('1199','200502');
insert into basic_group_2_permission (permission_code,group_code) values ('40','200502');
insert into basic_group_2_permission (permission_code,group_code) values ('4001','200502');
insert into basic_group_2_permission (permission_code,group_code) values ('4002','200502');
insert into basic_group_2_permission (permission_code,group_code) values ('4090','200502');
insert into basic_group_2_permission (permission_code,group_code) values ('41','200502');
insert into basic_group_2_permission (permission_code,group_code) values ('4101','200502');
insert into basic_group_2_permission (permission_code,group_code) values ('4102','200502');
insert into basic_group_2_permission (permission_code,group_code) values ('4190','200502');
insert into basic_group_2_permission (permission_code,group_code) values ('42','200502');
insert into basic_group_2_permission (permission_code,group_code) values ('4201','200502');
insert into basic_group_2_permission (permission_code,group_code) values ('43','200502');
insert into basic_group_2_permission (permission_code,group_code) values ('4301','200502');
insert into basic_group_2_permission (permission_code,group_code) values ('4322','200502');
insert into basic_group_2_permission (permission_code,group_code) values ('4390','200502');
insert into basic_group_2_permission (permission_code,group_code) values ('44','200502');

insert into basic_group_2_permission (permission_code,group_code) values ('11','200503');
insert into basic_group_2_permission (permission_code,group_code) values ('1101','200503');
insert into basic_group_2_permission (permission_code,group_code) values ('1199','200503');
insert into basic_group_2_permission (permission_code,group_code) values ('40','200503');
insert into basic_group_2_permission (permission_code,group_code) values ('4001','200503');
insert into basic_group_2_permission (permission_code,group_code) values ('4002','200503');
insert into basic_group_2_permission (permission_code,group_code) values ('4090','200503');
insert into basic_group_2_permission (permission_code,group_code) values ('41','200503');
insert into basic_group_2_permission (permission_code,group_code) values ('4101','200503');
insert into basic_group_2_permission (permission_code,group_code) values ('4102','200503');
insert into basic_group_2_permission (permission_code,group_code) values ('4190','200503');
insert into basic_group_2_permission (permission_code,group_code) values ('42','200503');
insert into basic_group_2_permission (permission_code,group_code) values ('4201','200503');
insert into basic_group_2_permission (permission_code,group_code) values ('43','200503');
insert into basic_group_2_permission (permission_code,group_code) values ('4301','200503');
insert into basic_group_2_permission (permission_code,group_code) values ('4322','200503');
insert into basic_group_2_permission (permission_code,group_code) values ('4390','200503');
insert into basic_group_2_permission (permission_code,group_code) values ('44','200503');

insert into basic_group_2_permission (permission_code,group_code) values ('11','200504');
insert into basic_group_2_permission (permission_code,group_code) values ('1101','200504');
insert into basic_group_2_permission (permission_code,group_code) values ('1199','200504');
insert into basic_group_2_permission (permission_code,group_code) values ('40','200504');
insert into basic_group_2_permission (permission_code,group_code) values ('4001','200504');
insert into basic_group_2_permission (permission_code,group_code) values ('4002','200504');
insert into basic_group_2_permission (permission_code,group_code) values ('4090','200504');
insert into basic_group_2_permission (permission_code,group_code) values ('41','200504');
insert into basic_group_2_permission (permission_code,group_code) values ('4101','200504');
insert into basic_group_2_permission (permission_code,group_code) values ('4102','200504');
insert into basic_group_2_permission (permission_code,group_code) values ('4190','200504');
insert into basic_group_2_permission (permission_code,group_code) values ('42','200504');
insert into basic_group_2_permission (permission_code,group_code) values ('4201','200504');
insert into basic_group_2_permission (permission_code,group_code) values ('43','200504');
insert into basic_group_2_permission (permission_code,group_code) values ('4301','200504');
insert into basic_group_2_permission (permission_code,group_code) values ('4322','200504');
insert into basic_group_2_permission (permission_code,group_code) values ('4390','200504');
insert into basic_group_2_permission (permission_code,group_code) values ('44','200504');

insert into basic_group_2_permission (permission_code,group_code) values ('11','200505');
insert into basic_group_2_permission (permission_code,group_code) values ('1101','200505');
insert into basic_group_2_permission (permission_code,group_code) values ('1199','200505');
insert into basic_group_2_permission (permission_code,group_code) values ('40','200505');
insert into basic_group_2_permission (permission_code,group_code) values ('4001','200505');
insert into basic_group_2_permission (permission_code,group_code) values ('4002','200505');
insert into basic_group_2_permission (permission_code,group_code) values ('4090','200505');
insert into basic_group_2_permission (permission_code,group_code) values ('41','200505');
insert into basic_group_2_permission (permission_code,group_code) values ('4101','200505');
insert into basic_group_2_permission (permission_code,group_code) values ('4102','200505');
insert into basic_group_2_permission (permission_code,group_code) values ('4190','200505');
insert into basic_group_2_permission (permission_code,group_code) values ('42','200505');
insert into basic_group_2_permission (permission_code,group_code) values ('4201','200505');
insert into basic_group_2_permission (permission_code,group_code) values ('43','200505');
insert into basic_group_2_permission (permission_code,group_code) values ('4301','200505');
insert into basic_group_2_permission (permission_code,group_code) values ('4322','200505');
insert into basic_group_2_permission (permission_code,group_code) values ('4390','200505');
insert into basic_group_2_permission (permission_code,group_code) values ('44','200505');

insert into basic_group_2_permission (permission_code,group_code) values ('11','200601');
insert into basic_group_2_permission (permission_code,group_code) values ('1101','200601');
insert into basic_group_2_permission (permission_code,group_code) values ('1199','200601');
insert into basic_group_2_permission (permission_code,group_code) values ('40','200601');
insert into basic_group_2_permission (permission_code,group_code) values ('4001','200601');
insert into basic_group_2_permission (permission_code,group_code) values ('4002','200601');
insert into basic_group_2_permission (permission_code,group_code) values ('4090','200601');
insert into basic_group_2_permission (permission_code,group_code) values ('41','200601');
insert into basic_group_2_permission (permission_code,group_code) values ('4101','200601');
insert into basic_group_2_permission (permission_code,group_code) values ('4102','200601');
insert into basic_group_2_permission (permission_code,group_code) values ('4190','200601');
insert into basic_group_2_permission (permission_code,group_code) values ('42','200601');
insert into basic_group_2_permission (permission_code,group_code) values ('4201','200601');
insert into basic_group_2_permission (permission_code,group_code) values ('43','200601');
insert into basic_group_2_permission (permission_code,group_code) values ('4301','200601');
insert into basic_group_2_permission (permission_code,group_code) values ('4322','200601');
insert into basic_group_2_permission (permission_code,group_code) values ('4390','200601');
insert into basic_group_2_permission (permission_code,group_code) values ('44','200601');

insert into basic_group_2_permission (permission_code,group_code) values ('11','200602');
insert into basic_group_2_permission (permission_code,group_code) values ('1101','200602');
insert into basic_group_2_permission (permission_code,group_code) values ('1199','200602');
insert into basic_group_2_permission (permission_code,group_code) values ('40','200602');
insert into basic_group_2_permission (permission_code,group_code) values ('4001','200602');
insert into basic_group_2_permission (permission_code,group_code) values ('4002','200602');
insert into basic_group_2_permission (permission_code,group_code) values ('4090','200602');
insert into basic_group_2_permission (permission_code,group_code) values ('41','200602');
insert into basic_group_2_permission (permission_code,group_code) values ('4101','200602');
insert into basic_group_2_permission (permission_code,group_code) values ('4102','200602');
insert into basic_group_2_permission (permission_code,group_code) values ('4190','200602');
insert into basic_group_2_permission (permission_code,group_code) values ('42','200602');
insert into basic_group_2_permission (permission_code,group_code) values ('4201','200602');
insert into basic_group_2_permission (permission_code,group_code) values ('43','200602');
insert into basic_group_2_permission (permission_code,group_code) values ('4301','200602');
insert into basic_group_2_permission (permission_code,group_code) values ('4322','200602');
insert into basic_group_2_permission (permission_code,group_code) values ('4390','200602');
insert into basic_group_2_permission (permission_code,group_code) values ('44','200602');

insert into basic_group_2_permission (permission_code,group_code) values ('11','200603');
insert into basic_group_2_permission (permission_code,group_code) values ('1101','200603');
insert into basic_group_2_permission (permission_code,group_code) values ('1199','200603');
insert into basic_group_2_permission (permission_code,group_code) values ('40','200603');
insert into basic_group_2_permission (permission_code,group_code) values ('4001','200603');
insert into basic_group_2_permission (permission_code,group_code) values ('4002','200603');
insert into basic_group_2_permission (permission_code,group_code) values ('4090','200603');
insert into basic_group_2_permission (permission_code,group_code) values ('41','200603');
insert into basic_group_2_permission (permission_code,group_code) values ('4101','200603');
insert into basic_group_2_permission (permission_code,group_code) values ('4102','200603');
insert into basic_group_2_permission (permission_code,group_code) values ('4190','200603');
insert into basic_group_2_permission (permission_code,group_code) values ('42','200603');
insert into basic_group_2_permission (permission_code,group_code) values ('4201','200603');
insert into basic_group_2_permission (permission_code,group_code) values ('43','200603');
insert into basic_group_2_permission (permission_code,group_code) values ('4301','200603');
insert into basic_group_2_permission (permission_code,group_code) values ('4322','200603');
insert into basic_group_2_permission (permission_code,group_code) values ('4390','200603');
insert into basic_group_2_permission (permission_code,group_code) values ('44','200603');

insert into basic_group_2_permission (permission_code,group_code) values ('11','200604');
insert into basic_group_2_permission (permission_code,group_code) values ('1101','200604');
insert into basic_group_2_permission (permission_code,group_code) values ('1199','200604');
insert into basic_group_2_permission (permission_code,group_code) values ('40','200604');
insert into basic_group_2_permission (permission_code,group_code) values ('4001','200604');
insert into basic_group_2_permission (permission_code,group_code) values ('4002','200604');
insert into basic_group_2_permission (permission_code,group_code) values ('4090','200604');
insert into basic_group_2_permission (permission_code,group_code) values ('41','200604');
insert into basic_group_2_permission (permission_code,group_code) values ('4101','200604');
insert into basic_group_2_permission (permission_code,group_code) values ('4102','200604');
insert into basic_group_2_permission (permission_code,group_code) values ('4190','200604');
insert into basic_group_2_permission (permission_code,group_code) values ('42','200604');
insert into basic_group_2_permission (permission_code,group_code) values ('4201','200604');
insert into basic_group_2_permission (permission_code,group_code) values ('43','200604');
insert into basic_group_2_permission (permission_code,group_code) values ('4301','200604');
insert into basic_group_2_permission (permission_code,group_code) values ('4322','200604');
insert into basic_group_2_permission (permission_code,group_code) values ('4390','200604');
insert into basic_group_2_permission (permission_code,group_code) values ('44','200604');

insert into basic_group_2_permission (permission_code,group_code) values ('11','200605');
insert into basic_group_2_permission (permission_code,group_code) values ('1101','200605');
insert into basic_group_2_permission (permission_code,group_code) values ('1199','200605');
insert into basic_group_2_permission (permission_code,group_code) values ('40','200605');
insert into basic_group_2_permission (permission_code,group_code) values ('4001','200605');
insert into basic_group_2_permission (permission_code,group_code) values ('4002','200605');
insert into basic_group_2_permission (permission_code,group_code) values ('4090','200605');
insert into basic_group_2_permission (permission_code,group_code) values ('41','200605');
insert into basic_group_2_permission (permission_code,group_code) values ('4101','200605');
insert into basic_group_2_permission (permission_code,group_code) values ('4102','200605');
insert into basic_group_2_permission (permission_code,group_code) values ('4190','200605');
insert into basic_group_2_permission (permission_code,group_code) values ('42','200605');
insert into basic_group_2_permission (permission_code,group_code) values ('4201','200605');
insert into basic_group_2_permission (permission_code,group_code) values ('43','200605');
insert into basic_group_2_permission (permission_code,group_code) values ('4301','200605');
insert into basic_group_2_permission (permission_code,group_code) values ('4322','200605');
insert into basic_group_2_permission (permission_code,group_code) values ('4390','200605');
insert into basic_group_2_permission (permission_code,group_code) values ('44','200605');

insert into basic_group_2_permission (permission_code,group_code) values ('11','200701');
insert into basic_group_2_permission (permission_code,group_code) values ('1101','200701');
insert into basic_group_2_permission (permission_code,group_code) values ('1199','200701');
insert into basic_group_2_permission (permission_code,group_code) values ('40','200701');
insert into basic_group_2_permission (permission_code,group_code) values ('4001','200701');
insert into basic_group_2_permission (permission_code,group_code) values ('4002','200701');
insert into basic_group_2_permission (permission_code,group_code) values ('4090','200701');
insert into basic_group_2_permission (permission_code,group_code) values ('41','200701');
insert into basic_group_2_permission (permission_code,group_code) values ('4101','200701');
insert into basic_group_2_permission (permission_code,group_code) values ('4102','200701');
insert into basic_group_2_permission (permission_code,group_code) values ('4190','200701');
insert into basic_group_2_permission (permission_code,group_code) values ('42','200701');
insert into basic_group_2_permission (permission_code,group_code) values ('4201','200701');
insert into basic_group_2_permission (permission_code,group_code) values ('43','200701');
insert into basic_group_2_permission (permission_code,group_code) values ('4301','200701');
insert into basic_group_2_permission (permission_code,group_code) values ('4322','200701');
insert into basic_group_2_permission (permission_code,group_code) values ('4390','200701');
insert into basic_group_2_permission (permission_code,group_code) values ('44','200701');

insert into basic_group_2_permission (permission_code,group_code) values ('11','200702');
insert into basic_group_2_permission (permission_code,group_code) values ('1101','200702');
insert into basic_group_2_permission (permission_code,group_code) values ('1199','200702');
insert into basic_group_2_permission (permission_code,group_code) values ('40','200702');
insert into basic_group_2_permission (permission_code,group_code) values ('4001','200702');
insert into basic_group_2_permission (permission_code,group_code) values ('4002','200702');
insert into basic_group_2_permission (permission_code,group_code) values ('4090','200702');
insert into basic_group_2_permission (permission_code,group_code) values ('41','200702');
insert into basic_group_2_permission (permission_code,group_code) values ('4101','200702');
insert into basic_group_2_permission (permission_code,group_code) values ('4102','200702');
insert into basic_group_2_permission (permission_code,group_code) values ('4190','200702');
insert into basic_group_2_permission (permission_code,group_code) values ('42','200702');
insert into basic_group_2_permission (permission_code,group_code) values ('4201','200702');
insert into basic_group_2_permission (permission_code,group_code) values ('43','200702');
insert into basic_group_2_permission (permission_code,group_code) values ('4301','200702');
insert into basic_group_2_permission (permission_code,group_code) values ('4322','200702');
insert into basic_group_2_permission (permission_code,group_code) values ('4390','200702');
insert into basic_group_2_permission (permission_code,group_code) values ('44','200702');

insert into basic_group_2_permission (permission_code,group_code) values ('11','200703');
insert into basic_group_2_permission (permission_code,group_code) values ('1101','200703');
insert into basic_group_2_permission (permission_code,group_code) values ('1199','200703');
insert into basic_group_2_permission (permission_code,group_code) values ('40','200703');
insert into basic_group_2_permission (permission_code,group_code) values ('4001','200703');
insert into basic_group_2_permission (permission_code,group_code) values ('4002','200703');
insert into basic_group_2_permission (permission_code,group_code) values ('4090','200703');
insert into basic_group_2_permission (permission_code,group_code) values ('41','200703');
insert into basic_group_2_permission (permission_code,group_code) values ('4101','200703');
insert into basic_group_2_permission (permission_code,group_code) values ('4102','200703');
insert into basic_group_2_permission (permission_code,group_code) values ('4190','200703');
insert into basic_group_2_permission (permission_code,group_code) values ('42','200703');
insert into basic_group_2_permission (permission_code,group_code) values ('4201','200703');
insert into basic_group_2_permission (permission_code,group_code) values ('43','200703');
insert into basic_group_2_permission (permission_code,group_code) values ('4301','200703');
insert into basic_group_2_permission (permission_code,group_code) values ('4322','200703');
insert into basic_group_2_permission (permission_code,group_code) values ('4390','200703');
insert into basic_group_2_permission (permission_code,group_code) values ('44','200703');

insert into basic_group_2_permission (permission_code,group_code) values ('11','200704');
insert into basic_group_2_permission (permission_code,group_code) values ('1101','200704');
insert into basic_group_2_permission (permission_code,group_code) values ('1199','200704');
insert into basic_group_2_permission (permission_code,group_code) values ('40','200704');
insert into basic_group_2_permission (permission_code,group_code) values ('4001','200704');
insert into basic_group_2_permission (permission_code,group_code) values ('4002','200704');
insert into basic_group_2_permission (permission_code,group_code) values ('4090','200704');
insert into basic_group_2_permission (permission_code,group_code) values ('41','200704');
insert into basic_group_2_permission (permission_code,group_code) values ('4101','200704');
insert into basic_group_2_permission (permission_code,group_code) values ('4102','200704');
insert into basic_group_2_permission (permission_code,group_code) values ('4190','200704');
insert into basic_group_2_permission (permission_code,group_code) values ('42','200704');
insert into basic_group_2_permission (permission_code,group_code) values ('4201','200704');
insert into basic_group_2_permission (permission_code,group_code) values ('43','200704');
insert into basic_group_2_permission (permission_code,group_code) values ('4301','200704');
insert into basic_group_2_permission (permission_code,group_code) values ('4322','200704');
insert into basic_group_2_permission (permission_code,group_code) values ('4390','200704');
insert into basic_group_2_permission (permission_code,group_code) values ('44','200704');

insert into basic_group_2_permission (permission_code,group_code) values ('11','200705');
insert into basic_group_2_permission (permission_code,group_code) values ('1101','200705');
insert into basic_group_2_permission (permission_code,group_code) values ('1199','200705');
insert into basic_group_2_permission (permission_code,group_code) values ('40','200705');
insert into basic_group_2_permission (permission_code,group_code) values ('4001','200705');
insert into basic_group_2_permission (permission_code,group_code) values ('4002','200705');
insert into basic_group_2_permission (permission_code,group_code) values ('4090','200705');
insert into basic_group_2_permission (permission_code,group_code) values ('41','200705');
insert into basic_group_2_permission (permission_code,group_code) values ('4101','200705');
insert into basic_group_2_permission (permission_code,group_code) values ('4102','200705');
insert into basic_group_2_permission (permission_code,group_code) values ('4190','200705');
insert into basic_group_2_permission (permission_code,group_code) values ('42','200705');
insert into basic_group_2_permission (permission_code,group_code) values ('4201','200705');
insert into basic_group_2_permission (permission_code,group_code) values ('43','200705');
insert into basic_group_2_permission (permission_code,group_code) values ('4301','200705');
insert into basic_group_2_permission (permission_code,group_code) values ('4322','200705');
insert into basic_group_2_permission (permission_code,group_code) values ('4390','200705');
insert into basic_group_2_permission (permission_code,group_code) values ('44','200705');

insert into basic_group_2_permission (permission_code,group_code) values ('11','8010');
insert into basic_group_2_permission (permission_code,group_code) values ('1101','8010');
insert into basic_group_2_permission (permission_code,group_code) values ('1199','8010');
insert into basic_group_2_permission (permission_code,group_code) values ('40','8010');
insert into basic_group_2_permission (permission_code,group_code) values ('4001','8010');
insert into basic_group_2_permission (permission_code,group_code) values ('4002','8010');
insert into basic_group_2_permission (permission_code,group_code) values ('4011','8010');
insert into basic_group_2_permission (permission_code,group_code) values ('4012','8010');
insert into basic_group_2_permission (permission_code,group_code) values ('4022','8010');
insert into basic_group_2_permission (permission_code,group_code) values ('4023','8010');
insert into basic_group_2_permission (permission_code,group_code) values ('41','8010');
insert into basic_group_2_permission (permission_code,group_code) values ('4101','8010');
insert into basic_group_2_permission (permission_code,group_code) values ('4102','8010');
insert into basic_group_2_permission (permission_code,group_code) values ('4111','8010');
insert into basic_group_2_permission (permission_code,group_code) values ('4112','8010');
insert into basic_group_2_permission (permission_code,group_code) values ('4122','8010');
insert into basic_group_2_permission (permission_code,group_code) values ('4123','8010');
insert into basic_group_2_permission (permission_code,group_code) values ('42','8010');
insert into basic_group_2_permission (permission_code,group_code) values ('4290','8010');
insert into basic_group_2_permission (permission_code,group_code) values ('99','8010');

insert into basic_group_2_permission (permission_code,group_code) values ('11','8020');
insert into basic_group_2_permission (permission_code,group_code) values ('1101','8020');
insert into basic_group_2_permission (permission_code,group_code) values ('1199','8020');
insert into basic_group_2_permission (permission_code,group_code) values ('40','8020');
insert into basic_group_2_permission (permission_code,group_code) values ('4001','8020');
insert into basic_group_2_permission (permission_code,group_code) values ('4002','8020');
insert into basic_group_2_permission (permission_code,group_code) values ('4011','8020');
insert into basic_group_2_permission (permission_code,group_code) values ('4012','8020');
insert into basic_group_2_permission (permission_code,group_code) values ('4022','8020');
insert into basic_group_2_permission (permission_code,group_code) values ('4023','8020');
insert into basic_group_2_permission (permission_code,group_code) values ('41','8020');
insert into basic_group_2_permission (permission_code,group_code) values ('4101','8020');
insert into basic_group_2_permission (permission_code,group_code) values ('4102','8020');
insert into basic_group_2_permission (permission_code,group_code) values ('4111','8020');
insert into basic_group_2_permission (permission_code,group_code) values ('4112','8020');
insert into basic_group_2_permission (permission_code,group_code) values ('4122','8020');
insert into basic_group_2_permission (permission_code,group_code) values ('4123','8020');
insert into basic_group_2_permission (permission_code,group_code) values ('42','8020');
insert into basic_group_2_permission (permission_code,group_code) values ('4290','8020');
insert into basic_group_2_permission (permission_code,group_code) values ('99','8020');

insert into basic_group(name,code,id,type,status) values ('2005届','2005','2005','20','10');
insert into basic_group(name,code,id,type,status) values ('2006届','2006','2006','20','10');
insert into basic_group(name,code,id,type,status) values ('2007届','2007','2007','20','10');
insert into basic_group(name,code,id,type,status) values ('教师1组','8010','8010','20','10');
insert into basic_group(name,code,id,type,status) values ('教师2组','8020','8020','20','10');
insert into basic_group(name,code,id,type,status) values ('2005届01班','200501','200501','20','10');
insert into basic_group(name,code,id,type,status) values ('2005届02班','200502','200502','20','10');
insert into basic_group(name,code,id,type,status) values ('2005届03班','200503','200503','20','10');
insert into basic_group(name,code,id,type,status) values ('2005届04班','200504','200504','20','10');
insert into basic_group(name,code,id,type,status) values ('2005届05班','200505','200505','20','10');
insert into basic_group(name,code,id,type,status) values ('2006届1班','200601','200601','20','10');
insert into basic_group(name,code,id,type,status) values ('2006届2班','200602','200602','20','10');
insert into basic_group(name,code,id,type,status) values ('2006届3班','200603','200603','20','10');
insert into basic_group(name,code,id,type,status) values ('2006届4班','200604','200604','20','10');
insert into basic_group(name,code,id,type,status) values ('2006届5班','200605','200605','20','10');
insert into basic_group(name,code,id,type,status) values ('2007届1班','200701','200701','20','10');
insert into basic_group(name,code,id,type,status) values ('2007届2班','200702','200702','20','10');
insert into basic_group(name,code,id,type,status) values ('2007届3班','200703','200703','20','10');
insert into basic_group(name,code,id,type,status) values ('2007届4班','200704','200704','20','10');
insert into basic_group(name,code,id,type,status) values ('2007届5班','200705','200705','20','10');

insert into basic_user (id,username,password,money,group_code,group_all,type,status) values ('3','JS801001',md5('JS801001'),'100','8010','8010','30','10');
insert into basic_user (id,username,password,money,group_code,group_all,type,status) values ('4','JS801002',md5('JS801002'),'100','8010','8010','30','10');
insert into basic_user (id,username,password,money,group_code,group_all,type,status) values ('5','JS801003',md5('JS801003'),'100','8010','8010','30','10');
insert into basic_user (id,username,password,money,group_code,group_all,type,status) values ('6','JS802001',md5('JS802001'),'100','8020','8020','30','10');
insert into basic_user (id,username,password,money,group_code,group_all,type,status) values ('7','JS802002',md5('JS802002'),'100','8020','8020','30','10');
insert into basic_user (id,username,password,money,group_code,group_all,type,status) values ('8','JS802003',md5('JS802003'),'100','8020','8020','30','10');
insert into basic_user (id,username,password,money,group_code,group_all,type,status) values ('9','XS20050101',md5('XS20050101'),'100','200501','200501','20','10');
insert into basic_user (id,username,password,money,group_code,group_all,type,status) values ('10','XS20050102',md5('XS20050102'),'100','200501','200501','20','10');
insert into basic_user (id,username,password,money,group_code,group_all,type,status) values ('11','XS20050103',md5('XS20050103'),'100','200501','200501','20','10');
insert into basic_user (id,username,password,money,group_code,group_all,type,status) values ('12','XS20050104',md5('XS20050104'),'100','200501','200501','20','10');
insert into basic_user (id,username,password,money,group_code,group_all,type,status) values ('13','XS20050105',md5('XS20050105'),'100','200501','200501','20','10');
insert into basic_user (id,username,password,money,group_code,group_all,type,status) values ('14','XS20050106',md5('XS20050106'),'100','200501','200501','20','10');
insert into basic_user (id,username,password,money,group_code,group_all,type,status) values ('15','XS20050107',md5('XS20050107'),'100','200501','200501','20','10');
insert into basic_user (id,username,password,money,group_code,group_all,type,status) values ('16','XS20050108',md5('XS20050108'),'100','200501','200501','20','10');
insert into basic_user (id,username,password,money,group_code,group_all,type,status) values ('17','XS20050109',md5('XS20050109'),'100','200501','200501','20','10');
insert into basic_user (id,username,password,money,group_code,group_all,type,status) values ('18','XS20050110',md5('XS20050110'),'100','200501','200501','20','10');
insert into basic_user (id,username,password,money,group_code,group_all,type,status) values ('19','XS20050111',md5('XS20050111'),'100','200501','200501','20','10');
insert into basic_user (id,username,password,money,group_code,group_all,type,status) values ('20','XS20050112',md5('XS20050112'),'100','200501','200501','20','10');
insert into basic_user (id,username,password,money,group_code,group_all,type,status) values ('21','XS20050113',md5('XS20050113'),'100','200501','200501','20','10');
insert into basic_user (id,username,password,money,group_code,group_all,type,status) values ('22','XS20050114',md5('XS20050114'),'100','200501','200501','20','10');
insert into basic_user (id,username,password,money,group_code,group_all,type,status) values ('23','XS20050115',md5('XS20050115'),'100','200501','200501','20','10');
insert into basic_user (id,username,password,money,group_code,group_all,type,status) values ('24','XS20050116',md5('XS20050116'),'100','200501','200501','20','10');
insert into basic_user (id,username,password,money,group_code,group_all,type,status) values ('25','XS20050117',md5('XS20050117'),'100','200501','200501','20','10');
insert into basic_user (id,username,password,money,group_code,group_all,type,status) values ('26','XS20050118',md5('XS20050118'),'100','200501','200501','20','10');
insert into basic_user (id,username,password,money,group_code,group_all,type,status) values ('27','XS20050119',md5('XS20050119'),'100','200501','200501','20','10');
insert into basic_user (id,username,password,money,group_code,group_all,type,status) values ('28','XS20050120',md5('XS20050120'),'100','200501','200501','20','10');
insert into basic_user (id,username,password,money,group_code,group_all,type,status) values ('29','XS20050121',md5('XS20050121'),'100','200501','200501','20','10');
insert into basic_user (id,username,password,money,group_code,group_all,type,status) values ('30','XS20050122',md5('XS20050122'),'100','200501','200501','20','10');
insert into basic_user (id,username,password,money,group_code,group_all,type,status) values ('31','XS20050123',md5('XS20050123'),'100','200501','200501','20','10');
insert into basic_user (id,username,password,money,group_code,group_all,type,status) values ('32','XS20050124',md5('XS20050124'),'100','200501','200501','20','10');
insert into basic_user (id,username,password,money,group_code,group_all,type,status) values ('33','XS20050125',md5('XS20050125'),'100','200501','200501','20','10');
insert into basic_user (id,username,password,money,group_code,group_all,type,status) values ('34','XS20050126',md5('XS20050126'),'100','200501','200501','20','10');
insert into basic_user (id,username,password,money,group_code,group_all,type,status) values ('35','XS20050127',md5('XS20050127'),'100','200501','200501','20','10');
insert into basic_user (id,username,password,money,group_code,group_all,type,status) values ('36','XS20050128',md5('XS20050128'),'100','200501','200501','20','10');
insert into basic_user (id,username,password,money,group_code,group_all,type,status) values ('37','XS20050129',md5('XS20050129'),'100','200501','200501','20','10');
insert into basic_user (id,username,password,money,group_code,group_all,type,status) values ('38','XS20050130',md5('XS20050130'),'100','200501','200501','20','10');
insert into basic_user (id,username,password,money,group_code,group_all,type,status) values ('39','XS20050201',md5('XS20050201'),'100','200502','200502','20','10');
insert into basic_user (id,username,password,money,group_code,group_all,type,status) values ('40','XS20050202',md5('XS20050202'),'100','200502','200502','20','10');
insert into basic_user (id,username,password,money,group_code,group_all,type,status) values ('41','XS20050203',md5('XS20050203'),'100','200502','200502','20','10');
insert into basic_user (id,username,password,money,group_code,group_all,type,status) values ('42','XS20050204',md5('XS20050204'),'100','200502','200502','20','10');
insert into basic_user (id,username,password,money,group_code,group_all,type,status) values ('43','XS20050205',md5('XS20050205'),'100','200502','200502','20','10');
insert into basic_user (id,username,password,money,group_code,group_all,type,status) values ('44','XS20050206',md5('XS20050206'),'100','200502','200502','20','10');
insert into basic_user (id,username,password,money,group_code,group_all,type,status) values ('45','XS20050207',md5('XS20050207'),'100','200502','200502','20','10');
insert into basic_user (id,username,password,money,group_code,group_all,type,status) values ('46','XS20050208',md5('XS20050208'),'100','200502','200502','20','10');
insert into basic_user (id,username,password,money,group_code,group_all,type,status) values ('47','XS20050209',md5('XS20050209'),'100','200502','200502','20','10');
insert into basic_user (id,username,password,money,group_code,group_all,type,status) values ('48','XS20050210',md5('XS20050210'),'100','200502','200502','20','10');
insert into basic_user (id,username,password,money,group_code,group_all,type,status) values ('49','XS20050211',md5('XS20050211'),'100','200502','200502','20','10');
insert into basic_user (id,username,password,money,group_code,group_all,type,status) values ('50','XS20050212',md5('XS20050212'),'100','200502','200502','20','10');
insert into basic_user (id,username,password,money,group_code,group_all,type,status) values ('51','XS20050213',md5('XS20050213'),'100','200502','200502','20','10');
insert into basic_user (id,username,password,money,group_code,group_all,type,status) values ('52','XS20050214',md5('XS20050214'),'100','200502','200502','20','10');
insert into basic_user (id,username,password,money,group_code,group_all,type,status) values ('53','XS20050215',md5('XS20050215'),'100','200502','200502','20','10');
insert into basic_user (id,username,password,money,group_code,group_all,type,status) values ('54','XS20050216',md5('XS20050216'),'100','200502','200502','20','10');
insert into basic_user (id,username,password,money,group_code,group_all,type,status) values ('55','XS20050217',md5('XS20050217'),'100','200502','200502','20','10');
insert into basic_user (id,username,password,money,group_code,group_all,type,status) values ('56','XS20050218',md5('XS20050218'),'100','200502','200502','20','10');
insert into basic_user (id,username,password,money,group_code,group_all,type,status) values ('57','XS20050219',md5('XS20050219'),'100','200502','200502','20','10');
insert into basic_user (id,username,password,money,group_code,group_all,type,status) values ('58','XS20050220',md5('XS20050220'),'100','200502','200502','20','10');
insert into basic_user (id,username,password,money,group_code,group_all,type,status) values ('59','XS20050221',md5('XS20050221'),'100','200502','200502','20','10');
insert into basic_user (id,username,password,money,group_code,group_all,type,status) values ('60','XS20050222',md5('XS20050222'),'100','200502','200502','20','10');
insert into basic_user (id,username,password,money,group_code,group_all,type,status) values ('61','XS20050223',md5('XS20050223'),'100','200502','200502','20','10');
insert into basic_user (id,username,password,money,group_code,group_all,type,status) values ('62','XS20050224',md5('XS20050224'),'100','200502','200502','20','10');
insert into basic_user (id,username,password,money,group_code,group_all,type,status) values ('63','XS20050225',md5('XS20050225'),'100','200502','200502','20','10');
insert into basic_user (id,username,password,money,group_code,group_all,type,status) values ('64','XS20050226',md5('XS20050226'),'100','200502','200502','20','10');
insert into basic_user (id,username,password,money,group_code,group_all,type,status) values ('65','XS20050227',md5('XS20050227'),'100','200502','200502','20','10');
insert into basic_user (id,username,password,money,group_code,group_all,type,status) values ('66','XS20050228',md5('XS20050228'),'100','200502','200502','20','20');
insert into basic_user (id,username,password,money,group_code,group_all,type,status) values ('67','XS20050229',md5('XS20050229'),'100','200502','200502','20','10');
insert into basic_user (id,username,password,money,group_code,group_all,type,status) values ('68','XS20050230',md5('XS20050230'),'100','200502','200502','20','10');
insert into basic_user (id,username,password,money,group_code,group_all,type,status) values ('69','XS20050301',md5('XS20050301'),'100','200503','200503','20','10');
insert into basic_user (id,username,password,money,group_code,group_all,type,status) values ('70','XS20050302',md5('XS20050302'),'100','200503','200503','20','10');
insert into basic_user (id,username,password,money,group_code,group_all,type,status) values ('71','XS20050303',md5('XS20050303'),'100','200503','200503','20','10');
insert into basic_user (id,username,password,money,group_code,group_all,type,status) values ('72','XS20050304',md5('XS20050304'),'100','200503','200503','20','10');
insert into basic_user (id,username,password,money,group_code,group_all,type,status) values ('73','XS20050305',md5('XS20050305'),'100','200503','200503','20','10');
insert into basic_user (id,username,password,money,group_code,group_all,type,status) values ('74','XS20050306',md5('XS20050306'),'100','200503','200503','20','10');
insert into basic_user (id,username,password,money,group_code,group_all,type,status) values ('75','XS20050307',md5('XS20050307'),'100','200503','200503','20','10');
insert into basic_user (id,username,password,money,group_code,group_all,type,status) values ('76','XS20050308',md5('XS20050308'),'100','200503','200503','20','10');
insert into basic_user (id,username,password,money,group_code,group_all,type,status) values ('77','XS20050309',md5('XS20050309'),'100','200503','200503','20','10');
insert into basic_user (id,username,password,money,group_code,group_all,type,status) values ('78','XS20050310',md5('XS20050310'),'100','200503','200503','20','10');
insert into basic_user (id,username,password,money,group_code,group_all,type,status) values ('79','XS20050311',md5('XS20050311'),'100','200503','200503','20','10');
insert into basic_user (id,username,password,money,group_code,group_all,type,status) values ('80','XS20050312',md5('XS20050312'),'100','200503','200503','20','10');
insert into basic_user (id,username,password,money,group_code,group_all,type,status) values ('81','XS20050313',md5('XS20050313'),'100','200503','200503','20','10');
insert into basic_user (id,username,password,money,group_code,group_all,type,status) values ('82','XS20050314',md5('XS20050314'),'100','200503','200503','20','10');
insert into basic_user (id,username,password,money,group_code,group_all,type,status) values ('83','XS20050315',md5('XS20050315'),'100','200503','200503','20','10');
insert into basic_user (id,username,password,money,group_code,group_all,type,status) values ('84','XS20050316',md5('XS20050316'),'100','200503','200503','20','10');
insert into basic_user (id,username,password,money,group_code,group_all,type,status) values ('85','XS20050317',md5('XS20050317'),'100','200503','200503','20','10');
insert into basic_user (id,username,password,money,group_code,group_all,type,status) values ('86','XS20050318',md5('XS20050318'),'100','200503','200503','20','10');
insert into basic_user (id,username,password,money,group_code,group_all,type,status) values ('87','XS20050319',md5('XS20050319'),'100','200503','200503','20','10');
insert into basic_user (id,username,password,money,group_code,group_all,type,status) values ('88','XS20050320',md5('XS20050320'),'100','200503','200503','20','10');
insert into basic_user (id,username,password,money,group_code,group_all,type,status) values ('89','XS20050321',md5('XS20050321'),'100','200503','200503','20','10');
insert into basic_user (id,username,password,money,group_code,group_all,type,status) values ('90','XS20050322',md5('XS20050322'),'100','200503','200503','20','10');
insert into basic_user (id,username,password,money,group_code,group_all,type,status) values ('91','XS20050323',md5('XS20050323'),'100','200503','200503','20','10');
insert into basic_user (id,username,password,money,group_code,group_all,type,status) values ('92','XS20050324',md5('XS20050324'),'100','200503','200503','20','10');
insert into basic_user (id,username,password,money,group_code,group_all,type,status) values ('93','XS20050325',md5('XS20050325'),'100','200503','200503','20','10');
insert into basic_user (id,username,password,money,group_code,group_all,type,status) values ('94','XS20050326',md5('XS20050326'),'100','200503','200503','20','10');
insert into basic_user (id,username,password,money,group_code,group_all,type,status) values ('95','XS20050327',md5('XS20050327'),'100','200503','200503','20','10');
insert into basic_user (id,username,password,money,group_code,group_all,type,status) values ('96','XS20050328',md5('XS20050328'),'100','200503','200503','20','10');
insert into basic_user (id,username,password,money,group_code,group_all,type,status) values ('97','XS20050329',md5('XS20050329'),'100','200503','200503','20','10');
insert into basic_user (id,username,password,money,group_code,group_all,type,status) values ('98','XS20050330',md5('XS20050330'),'100','200503','200503','20','10');
insert into basic_user (id,username,password,money,group_code,group_all,type,status) values ('99','XS20060101',md5('XS20060101'),'100','200601','200601','20','10');
insert into basic_user (id,username,password,money,group_code,group_all,type,status) values ('100','XS20060102',md5('XS20060102'),'100','200601','200601','20','10');
insert into basic_user (id,username,password,money,group_code,group_all,type,status) values ('101','XS20060103',md5('XS20060103'),'100','200601','200601','20','10');
insert into basic_user (id,username,password,money,group_code,group_all,type,status) values ('102','XS20060104',md5('XS20060104'),'100','200601','200601','20','10');
insert into basic_user (id,username,password,money,group_code,group_all,type,status) values ('103','XS20060105',md5('XS20060105'),'100','200601','200601','20','10');
insert into basic_user (id,username,password,money,group_code,group_all,type,status) values ('104','XS20060106',md5('XS20060106'),'100','200601','200601','20','10');
insert into basic_user (id,username,password,money,group_code,group_all,type,status) values ('105','XS20060107',md5('XS20060107'),'100','200601','200601','20','10');
insert into basic_user (id,username,password,money,group_code,group_all,type,status) values ('106','XS20060108',md5('XS20060108'),'100','200601','200601','20','10');
insert into basic_user (id,username,password,money,group_code,group_all,type,status) values ('107','XS20060109',md5('XS20060109'),'100','200601','200601','20','10');
insert into basic_user (id,username,password,money,group_code,group_all,type,status) values ('108','XS20060110',md5('XS20060110'),'100','200601','200601','20','10');
insert into basic_user (id,username,password,money,group_code,group_all,type,status) values ('109','XS20060111',md5('XS20060111'),'100','200601','200601','20','10');
insert into basic_user (id,username,password,money,group_code,group_all,type,status) values ('110','XS20060112',md5('XS20060112'),'100','200601','200601','20','10');
insert into basic_user (id,username,password,money,group_code,group_all,type,status) values ('111','XS20060113',md5('XS20060113'),'100','200601','200601','20','10');
insert into basic_user (id,username,password,money,group_code,group_all,type,status) values ('112','XS20060114',md5('XS20060114'),'100','200601','200601','20','10');
insert into basic_user (id,username,password,money,group_code,group_all,type,status) values ('113','XS20060115',md5('XS20060115'),'100','200601','200601','20','10');
insert into basic_user (id,username,password,money,group_code,group_all,type,status) values ('114','XS20060116',md5('XS20060116'),'100','200601','200601','20','10');
insert into basic_user (id,username,password,money,group_code,group_all,type,status) values ('115','XS20060117',md5('XS20060117'),'100','200601','200601','20','10');
insert into basic_user (id,username,password,money,group_code,group_all,type,status) values ('116','XS20060118',md5('XS20060118'),'100','200601','200601','20','10');
insert into basic_user (id,username,password,money,group_code,group_all,type,status) values ('117','XS20060119',md5('XS20060119'),'100','200601','200601','20','10');
insert into basic_user (id,username,password,money,group_code,group_all,type,status) values ('118','XS20060120',md5('XS20060120'),'100','200601','200601','20','10');
insert into basic_user (id,username,password,money,group_code,group_all,type,status) values ('119','XS20060121',md5('XS20060121'),'100','200601','200601','20','10');
insert into basic_user (id,username,password,money,group_code,group_all,type,status) values ('120','XS20060122',md5('XS20060122'),'100','200601','200601','20','10');
insert into basic_user (id,username,password,money,group_code,group_all,type,status) values ('121','XS20060123',md5('XS20060123'),'100','200601','200601','20','10');
insert into basic_user (id,username,password,money,group_code,group_all,type,status) values ('122','XS20060124',md5('XS20060124'),'100','200601','200601','20','10');
insert into basic_user (id,username,password,money,group_code,group_all,type,status) values ('123','XS20060125',md5('XS20060125'),'100','200601','200601','20','10');
insert into basic_user (id,username,password,money,group_code,group_all,type,status) values ('124','XS20060126',md5('XS20060126'),'100','200601','200601','20','10');
insert into basic_user (id,username,password,money,group_code,group_all,type,status) values ('125','XS20060127',md5('XS20060127'),'100','200601','200601','20','10');
insert into basic_user (id,username,password,money,group_code,group_all,type,status) values ('126','XS20060128',md5('XS20060128'),'100','200601','200601','20','10');
insert into basic_user (id,username,password,money,group_code,group_all,type,status) values ('127','XS20060129',md5('XS20060129'),'100','200601','200601','20','10');
insert into basic_user (id,username,password,money,group_code,group_all,type,status) values ('128','XS20060130',md5('XS20060130'),'100','200601','200601','20','10');
insert into basic_user (id,username,password,money,group_code,group_all,type,status) values ('129','XS20060201',md5('XS20060201'),'100','200602','200602','20','10');
insert into basic_user (id,username,password,money,group_code,group_all,type,status) values ('130','XS20060202',md5('XS20060202'),'100','200602','200602','20','10');
insert into basic_user (id,username,password,money,group_code,group_all,type,status) values ('131','XS20060203',md5('XS20060203'),'100','200602','200602','20','10');
insert into basic_user (id,username,password,money,group_code,group_all,type,status) values ('132','XS20060204',md5('XS20060204'),'100','200602','200602','20','10');
insert into basic_user (id,username,password,money,group_code,group_all,type,status) values ('133','XS20060205',md5('XS20060205'),'100','200602','200602','20','10');
insert into basic_user (id,username,password,money,group_code,group_all,type,status) values ('134','XS20060206',md5('XS20060206'),'100','200602','200602','20','10');
insert into basic_user (id,username,password,money,group_code,group_all,type,status) values ('135','XS20060207',md5('XS20060207'),'100','200602','200602','20','10');
insert into basic_user (id,username,password,money,group_code,group_all,type,status) values ('136','XS20060208',md5('XS20060208'),'100','200602','200602','20','10');
insert into basic_user (id,username,password,money,group_code,group_all,type,status) values ('137','XS20060209',md5('XS20060209'),'100','200602','200602','20','10');
insert into basic_user (id,username,password,money,group_code,group_all,type,status) values ('138','XS20060210',md5('XS20060210'),'100','200602','200602','20','10');
insert into basic_user (id,username,password,money,group_code,group_all,type,status) values ('139','XS20060211',md5('XS20060211'),'100','200602','200602','20','10');
insert into basic_user (id,username,password,money,group_code,group_all,type,status) values ('140','XS20060212',md5('XS20060212'),'100','200602','200602','20','10');
insert into basic_user (id,username,password,money,group_code,group_all,type,status) values ('141','XS20060213',md5('XS20060213'),'100','200602','200602','20','10');
insert into basic_user (id,username,password,money,group_code,group_all,type,status) values ('142','XS20060214',md5('XS20060214'),'100','200602','200602','20','10');
insert into basic_user (id,username,password,money,group_code,group_all,type,status) values ('143','XS20060215',md5('XS20060215'),'100','200602','200602','20','10');
insert into basic_user (id,username,password,money,group_code,group_all,type,status) values ('144','XS20060216',md5('XS20060216'),'100','200602','200602','20','10');
insert into basic_user (id,username,password,money,group_code,group_all,type,status) values ('145','XS20060217',md5('XS20060217'),'100','200602','200602','20','10');
insert into basic_user (id,username,password,money,group_code,group_all,type,status) values ('146','XS20060218',md5('XS20060218'),'100','200602','200602','20','10');
insert into basic_user (id,username,password,money,group_code,group_all,type,status) values ('147','XS20060219',md5('XS20060219'),'100','200602','200602','20','10');
insert into basic_user (id,username,password,money,group_code,group_all,type,status) values ('148','XS20060220',md5('XS20060220'),'100','200602','200602','20','10');
insert into basic_user (id,username,password,money,group_code,group_all,type,status) values ('149','XS20060221',md5('XS20060221'),'100','200602','200602','20','10');
insert into basic_user (id,username,password,money,group_code,group_all,type,status) values ('150','XS20060222',md5('XS20060222'),'100','200602','200602','20','10');
insert into basic_user (id,username,password,money,group_code,group_all,type,status) values ('151','XS20060223',md5('XS20060223'),'100','200602','200602','20','10');
insert into basic_user (id,username,password,money,group_code,group_all,type,status) values ('152','XS20060224',md5('XS20060224'),'100','200602','200602','20','10');
insert into basic_user (id,username,password,money,group_code,group_all,type,status) values ('153','XS20060225',md5('XS20060225'),'100','200602','200602','20','10');
insert into basic_user (id,username,password,money,group_code,group_all,type,status) values ('154','XS20060226',md5('XS20060226'),'100','200602','200602','20','10');
insert into basic_user (id,username,password,money,group_code,group_all,type,status) values ('155','XS20060227',md5('XS20060227'),'100','200602','200602','20','10');
insert into basic_user (id,username,password,money,group_code,group_all,type,status) values ('156','XS20060228',md5('XS20060228'),'100','200602','200602','20','10');
insert into basic_user (id,username,password,money,group_code,group_all,type,status) values ('157','XS20060229',md5('XS20060229'),'100','200602','200602','20','10');
insert into basic_user (id,username,password,money,group_code,group_all,type,status) values ('158','XS20060230',md5('XS20060230'),'100','200602','200602','20','10');
insert into basic_user (id,username,password,money,group_code,group_all,type,status) values ('159','XS20060301',md5('XS20060301'),'100','200603','200603','20','10');
insert into basic_user (id,username,password,money,group_code,group_all,type,status) values ('160','XS20060302',md5('XS20060302'),'100','200603','200603','20','10');
insert into basic_user (id,username,password,money,group_code,group_all,type,status) values ('161','XS20060303',md5('XS20060303'),'100','200603','200603','20','10');
insert into basic_user (id,username,password,money,group_code,group_all,type,status) values ('162','XS20060304',md5('XS20060304'),'100','200603','200603','20','10');
insert into basic_user (id,username,password,money,group_code,group_all,type,status) values ('163','XS20060305',md5('XS20060305'),'100','200603','200603','20','10');
insert into basic_user (id,username,password,money,group_code,group_all,type,status) values ('164','XS20060306',md5('XS20060306'),'100','200603','200603','20','10');
insert into basic_user (id,username,password,money,group_code,group_all,type,status) values ('165','XS20060307',md5('XS20060307'),'100','200603','200603','20','10');
insert into basic_user (id,username,password,money,group_code,group_all,type,status) values ('166','XS20060308',md5('XS20060308'),'100','200603','200603','20','10');
insert into basic_user (id,username,password,money,group_code,group_all,type,status) values ('167','XS20060309',md5('XS20060309'),'100','200603','200603','20','10');
insert into basic_user (id,username,password,money,group_code,group_all,type,status) values ('168','XS20060310',md5('XS20060310'),'100','200603','200603','20','10');
insert into basic_user (id,username,password,money,group_code,group_all,type,status) values ('169','XS20060311',md5('XS20060311'),'100','200603','200603','20','10');
insert into basic_user (id,username,password,money,group_code,group_all,type,status) values ('170','XS20060312',md5('XS20060312'),'100','200603','200603','20','10');
insert into basic_user (id,username,password,money,group_code,group_all,type,status) values ('171','XS20060313',md5('XS20060313'),'100','200603','200603','20','10');
insert into basic_user (id,username,password,money,group_code,group_all,type,status) values ('172','XS20060314',md5('XS20060314'),'100','200603','200603','20','10');
insert into basic_user (id,username,password,money,group_code,group_all,type,status) values ('173','XS20060315',md5('XS20060315'),'100','200603','200603','20','10');
insert into basic_user (id,username,password,money,group_code,group_all,type,status) values ('174','XS20060316',md5('XS20060316'),'100','200603','200603','20','10');
insert into basic_user (id,username,password,money,group_code,group_all,type,status) values ('175','XS20060317',md5('XS20060317'),'100','200603','200603','20','10');
insert into basic_user (id,username,password,money,group_code,group_all,type,status) values ('176','XS20060318',md5('XS20060318'),'100','200603','200603','20','10');
insert into basic_user (id,username,password,money,group_code,group_all,type,status) values ('177','XS20060319',md5('XS20060319'),'100','200603','200603','20','10');
insert into basic_user (id,username,password,money,group_code,group_all,type,status) values ('178','XS20060320',md5('XS20060320'),'100','200603','200603','20','10');
insert into basic_user (id,username,password,money,group_code,group_all,type,status) values ('179','XS20060321',md5('XS20060321'),'100','200603','200603','20','10');
insert into basic_user (id,username,password,money,group_code,group_all,type,status) values ('180','XS20060322',md5('XS20060322'),'100','200603','200603','20','10');
insert into basic_user (id,username,password,money,group_code,group_all,type,status) values ('181','XS20060323',md5('XS20060323'),'100','200603','200603','20','10');
insert into basic_user (id,username,password,money,group_code,group_all,type,status) values ('182','XS20060324',md5('XS20060324'),'100','200603','200603','20','10');
insert into basic_user (id,username,password,money,group_code,group_all,type,status) values ('183','XS20060325',md5('XS20060325'),'100','200603','200603','20','10');
insert into basic_user (id,username,password,money,group_code,group_all,type,status) values ('184','XS20060326',md5('XS20060326'),'100','200603','200603','20','10');
insert into basic_user (id,username,password,money,group_code,group_all,type,status) values ('185','XS20060327',md5('XS20060327'),'100','200603','200603','20','10');
insert into basic_user (id,username,password,money,group_code,group_all,type,status) values ('186','XS20060328',md5('XS20060328'),'100','200603','200603','20','10');
insert into basic_user (id,username,password,money,group_code,group_all,type,status) values ('187','XS20060329',md5('XS20060329'),'100','200603','200603','20','10');
insert into basic_user (id,username,password,money,group_code,group_all,type,status) values ('188','XS20060330',md5('XS20060330'),'100','200603','200603','20','10');
insert into basic_user (id,username,password,money,group_code,group_all,type,status) values ('189','XS20070101',md5('XS20070101'),'100','200701','200701','20','10');
insert into basic_user (id,username,password,money,group_code,group_all,type,status) values ('190','XS20070102',md5('XS20070102'),'100','200701','200701','20','10');
insert into basic_user (id,username,password,money,group_code,group_all,type,status) values ('191','XS20070103',md5('XS20070103'),'100','200701','200701','20','10');
insert into basic_user (id,username,password,money,group_code,group_all,type,status) values ('192','XS20070104',md5('XS20070104'),'100','200701','200701','20','10');
insert into basic_user (id,username,password,money,group_code,group_all,type,status) values ('193','XS20070105',md5('XS20070105'),'100','200701','200701','20','10');
insert into basic_user (id,username,password,money,group_code,group_all,type,status) values ('194','XS20070106',md5('XS20070106'),'100','200701','200701','20','10');
insert into basic_user (id,username,password,money,group_code,group_all,type,status) values ('195','XS20070107',md5('XS20070107'),'100','200701','200701','20','10');
insert into basic_user (id,username,password,money,group_code,group_all,type,status) values ('196','XS20070108',md5('XS20070108'),'100','200701','200701','20','10');
insert into basic_user (id,username,password,money,group_code,group_all,type,status) values ('197','XS20070109',md5('XS20070109'),'100','200701','200701','20','10');
insert into basic_user (id,username,password,money,group_code,group_all,type,status) values ('198','XS20070110',md5('XS20070110'),'100','200701','200701','20','10');
insert into basic_user (id,username,password,money,group_code,group_all,type,status) values ('199','XS20070111',md5('XS20070111'),'100','200701','200701','20','10');
insert into basic_user (id,username,password,money,group_code,group_all,type,status) values ('200','XS20070112',md5('XS20070112'),'100','200701','200701','20','10');
insert into basic_user (id,username,password,money,group_code,group_all,type,status) values ('201','XS20070113',md5('XS20070113'),'100','200701','200701','20','10');
insert into basic_user (id,username,password,money,group_code,group_all,type,status) values ('202','XS20070114',md5('XS20070114'),'100','200701','200701','20','10');
insert into basic_user (id,username,password,money,group_code,group_all,type,status) values ('203','XS20070115',md5('XS20070115'),'100','200701','200701','20','10');
insert into basic_user (id,username,password,money,group_code,group_all,type,status) values ('204','XS20070116',md5('XS20070116'),'100','200701','200701','20','10');
insert into basic_user (id,username,password,money,group_code,group_all,type,status) values ('205','XS20070117',md5('XS20070117'),'100','200701','200701','20','10');
insert into basic_user (id,username,password,money,group_code,group_all,type,status) values ('206','XS20070118',md5('XS20070118'),'100','200701','200701','20','10');
insert into basic_user (id,username,password,money,group_code,group_all,type,status) values ('207','XS20070119',md5('XS20070119'),'100','200701','200701','20','10');
insert into basic_user (id,username,password,money,group_code,group_all,type,status) values ('208','XS20070120',md5('XS20070120'),'100','200701','200701','20','10');
insert into basic_user (id,username,password,money,group_code,group_all,type,status) values ('209','XS20070121',md5('XS20070121'),'100','200701','200701','20','10');
insert into basic_user (id,username,password,money,group_code,group_all,type,status) values ('210','XS20070122',md5('XS20070122'),'100','200701','200701','20','10');
insert into basic_user (id,username,password,money,group_code,group_all,type,status) values ('211','XS20070123',md5('XS20070123'),'100','200701','200701','20','10');
insert into basic_user (id,username,password,money,group_code,group_all,type,status) values ('212','XS20070124',md5('XS20070124'),'100','200701','200701','20','10');
insert into basic_user (id,username,password,money,group_code,group_all,type,status) values ('213','XS20070125',md5('XS20070125'),'100','200701','200701','20','10');
insert into basic_user (id,username,password,money,group_code,group_all,type,status) values ('214','XS20070126',md5('XS20070126'),'100','200701','200701','20','10');
insert into basic_user (id,username,password,money,group_code,group_all,type,status) values ('215','XS20070127',md5('XS20070127'),'100','200701','200701','20','10');
insert into basic_user (id,username,password,money,group_code,group_all,type,status) values ('216','XS20070128',md5('XS20070128'),'100','200701','200701','20','10');
insert into basic_user (id,username,password,money,group_code,group_all,type,status) values ('217','XS20070129',md5('XS20070129'),'100','200701','200701','20','10');
insert into basic_user (id,username,password,money,group_code,group_all,type,status) values ('218','XS20070130',md5('XS20070130'),'100','200701','200701','20','10');
insert into basic_user (id,username,password,money,group_code,group_all,type,status) values ('219','XS20070201',md5('XS20070201'),'100','200702','200702','20','10');
insert into basic_user (id,username,password,money,group_code,group_all,type,status) values ('220','XS20070202',md5('XS20070202'),'100','200702','200702','20','10');
insert into basic_user (id,username,password,money,group_code,group_all,type,status) values ('221','XS20070203',md5('XS20070203'),'100','200702','200702','20','10');
insert into basic_user (id,username,password,money,group_code,group_all,type,status) values ('222','XS20070204',md5('XS20070204'),'100','200702','200702','20','10');
insert into basic_user (id,username,password,money,group_code,group_all,type,status) values ('223','XS20070205',md5('XS20070205'),'100','200702','200702','20','10');
insert into basic_user (id,username,password,money,group_code,group_all,type,status) values ('224','XS20070206',md5('XS20070206'),'100','200702','200702','20','10');
insert into basic_user (id,username,password,money,group_code,group_all,type,status) values ('225','XS20070207',md5('XS20070207'),'100','200702','200702','20','10');
insert into basic_user (id,username,password,money,group_code,group_all,type,status) values ('226','XS20070208',md5('XS20070208'),'100','200702','200702','20','10');
insert into basic_user (id,username,password,money,group_code,group_all,type,status) values ('227','XS20070209',md5('XS20070209'),'100','200702','200702','20','10');
insert into basic_user (id,username,password,money,group_code,group_all,type,status) values ('228','XS20070210',md5('XS20070210'),'100','200702','200702','20','10');
insert into basic_user (id,username,password,money,group_code,group_all,type,status) values ('229','XS20070211',md5('XS20070211'),'100','200702','200702','20','10');
insert into basic_user (id,username,password,money,group_code,group_all,type,status) values ('230','XS20070212',md5('XS20070212'),'100','200702','200702','20','10');
insert into basic_user (id,username,password,money,group_code,group_all,type,status) values ('231','XS20070213',md5('XS20070213'),'100','200702','200702','20','10');
insert into basic_user (id,username,password,money,group_code,group_all,type,status) values ('232','XS20070214',md5('XS20070214'),'100','200702','200702','20','10');
insert into basic_user (id,username,password,money,group_code,group_all,type,status) values ('233','XS20070215',md5('XS20070215'),'100','200702','200702','20','10');
insert into basic_user (id,username,password,money,group_code,group_all,type,status) values ('234','XS20070216',md5('XS20070216'),'100','200702','200702','20','10');
insert into basic_user (id,username,password,money,group_code,group_all,type,status) values ('235','XS20070217',md5('XS20070217'),'100','200702','200702','20','10');
insert into basic_user (id,username,password,money,group_code,group_all,type,status) values ('236','XS20070218',md5('XS20070218'),'100','200702','200702','20','10');
insert into basic_user (id,username,password,money,group_code,group_all,type,status) values ('237','XS20070219',md5('XS20070219'),'100','200702','200702','20','10');
insert into basic_user (id,username,password,money,group_code,group_all,type,status) values ('238','XS20070220',md5('XS20070220'),'100','200702','200702','20','10');
insert into basic_user (id,username,password,money,group_code,group_all,type,status) values ('239','XS20070221',md5('XS20070221'),'100','200702','200702','20','10');
insert into basic_user (id,username,password,money,group_code,group_all,type,status) values ('240','XS20070222',md5('XS20070222'),'100','200702','200702','20','10');
insert into basic_user (id,username,password,money,group_code,group_all,type,status) values ('241','XS20070223',md5('XS20070223'),'100','200702','200702','20','10');
insert into basic_user (id,username,password,money,group_code,group_all,type,status) values ('242','XS20070224',md5('XS20070224'),'100','200702','200702','20','10');
insert into basic_user (id,username,password,money,group_code,group_all,type,status) values ('243','XS20070225',md5('XS20070225'),'100','200702','200702','20','10');
insert into basic_user (id,username,password,money,group_code,group_all,type,status) values ('244','XS20070226',md5('XS20070226'),'100','200702','200702','20','10');
insert into basic_user (id,username,password,money,group_code,group_all,type,status) values ('245','XS20070227',md5('XS20070227'),'100','200702','200702','20','10');
insert into basic_user (id,username,password,money,group_code,group_all,type,status) values ('246','XS20070228',md5('XS20070228'),'100','200702','200702','20','10');
insert into basic_user (id,username,password,money,group_code,group_all,type,status) values ('247','XS20070229',md5('XS20070229'),'100','200702','200702','20','10');
insert into basic_user (id,username,password,money,group_code,group_all,type,status) values ('248','XS20070230',md5('XS20070230'),'100','200702','200702','20','10');
insert into basic_user (id,username,password,money,group_code,group_all,type,status) values ('249','XS20070301',md5('XS20070301'),'100','200703','200703','20','10');
insert into basic_user (id,username,password,money,group_code,group_all,type,status) values ('250','XS20070302',md5('XS20070302'),'100','200703','200703','20','10');
insert into basic_user (id,username,password,money,group_code,group_all,type,status) values ('251','XS20070303',md5('XS20070303'),'100','200703','200703','20','10');
insert into basic_user (id,username,password,money,group_code,group_all,type,status) values ('252','XS20070304',md5('XS20070304'),'100','200703','200703','20','10');
insert into basic_user (id,username,password,money,group_code,group_all,type,status) values ('253','XS20070305',md5('XS20070305'),'100','200703','200703','20','10');
insert into basic_user (id,username,password,money,group_code,group_all,type,status) values ('254','XS20070306',md5('XS20070306'),'100','200703','200703','20','10');
insert into basic_user (id,username,password,money,group_code,group_all,type,status) values ('255','XS20070307',md5('XS20070307'),'100','200703','200703','20','10');
insert into basic_user (id,username,password,money,group_code,group_all,type,status) values ('256','XS20070308',md5('XS20070308'),'100','200703','200703','20','10');
insert into basic_user (id,username,password,money,group_code,group_all,type,status) values ('257','XS20070309',md5('XS20070309'),'100','200703','200703','20','10');
insert into basic_user (id,username,password,money,group_code,group_all,type,status) values ('258','XS20070310',md5('XS20070310'),'100','200703','200703','20','10');
insert into basic_user (id,username,password,money,group_code,group_all,type,status) values ('259','XS20070311',md5('XS20070311'),'100','200703','200703','20','10');
insert into basic_user (id,username,password,money,group_code,group_all,type,status) values ('260','XS20070312',md5('XS20070312'),'100','200703','200703','20','10');
insert into basic_user (id,username,password,money,group_code,group_all,type,status) values ('261','XS20070313',md5('XS20070313'),'100','200703','200703','20','10');
insert into basic_user (id,username,password,money,group_code,group_all,type,status) values ('262','XS20070314',md5('XS20070314'),'100','200703','200703','20','10');
insert into basic_user (id,username,password,money,group_code,group_all,type,status) values ('263','XS20070315',md5('XS20070315'),'100','200703','200703','20','10');
insert into basic_user (id,username,password,money,group_code,group_all,type,status) values ('264','XS20070316',md5('XS20070316'),'100','200703','200703','20','10');
insert into basic_user (id,username,password,money,group_code,group_all,type,status) values ('265','XS20070317',md5('XS20070317'),'100','200703','200703','20','10');
insert into basic_user (id,username,password,money,group_code,group_all,type,status) values ('266','XS20070318',md5('XS20070318'),'100','200703','200703','20','10');
insert into basic_user (id,username,password,money,group_code,group_all,type,status) values ('267','XS20070319',md5('XS20070319'),'100','200703','200703','20','10');
insert into basic_user (id,username,password,money,group_code,group_all,type,status) values ('268','XS20070320',md5('XS20070320'),'100','200703','200703','20','10');
insert into basic_user (id,username,password,money,group_code,group_all,type,status) values ('269','XS20070321',md5('XS20070321'),'100','200703','200703','20','10');
insert into basic_user (id,username,password,money,group_code,group_all,type,status) values ('270','XS20070322',md5('XS20070322'),'100','200703','200703','20','10');
insert into basic_user (id,username,password,money,group_code,group_all,type,status) values ('271','XS20070323',md5('XS20070323'),'100','200703','200703','20','10');
insert into basic_user (id,username,password,money,group_code,group_all,type,status) values ('272','XS20070324',md5('XS20070324'),'100','200703','200703','20','10');
insert into basic_user (id,username,password,money,group_code,group_all,type,status) values ('273','XS20070325',md5('XS20070325'),'100','200703','200703','20','10');
insert into basic_user (id,username,password,money,group_code,group_all,type,status) values ('274','XS20070326',md5('XS20070326'),'100','200703','200703','20','10');
insert into basic_user (id,username,password,money,group_code,group_all,type,status) values ('275','XS20070327',md5('XS20070327'),'100','200703','200703','20','10');
insert into basic_user (id,username,password,money,group_code,group_all,type,status) values ('276','XS20070328',md5('XS20070328'),'100','200703','200703','20','10');
insert into basic_user (id,username,password,money,group_code,group_all,type,status) values ('277','XS20070329',md5('XS20070329'),'100','200703','200703','20','10');
insert into basic_user (id,username,password,money,group_code,group_all,type,status) values ('278','XS20070330',md5('XS20070330'),'100','200703','200703','20','10');

insert into exam_subject_2_group (subject_code,group_code) values ('0301','200501');
insert into exam_subject_2_group (subject_code,group_code) values ('0302','200501');
insert into exam_subject_2_group (subject_code,group_code) values ('0303','200501');
insert into exam_subject_2_group (subject_code,group_code) values ('0304','200501');
insert into exam_subject_2_group (subject_code,group_code) values ('0305','200501');
insert into exam_subject_2_group (subject_code,group_code) values ('0306','200501');
insert into exam_subject_2_group (subject_code,group_code) values ('0301','200502');
insert into exam_subject_2_group (subject_code,group_code) values ('0302','200502');
insert into exam_subject_2_group (subject_code,group_code) values ('0303','200502');
insert into exam_subject_2_group (subject_code,group_code) values ('0304','200502');
insert into exam_subject_2_group (subject_code,group_code) values ('0305','200502');
insert into exam_subject_2_group (subject_code,group_code) values ('0306','200502');
insert into exam_subject_2_group (subject_code,group_code) values ('0301','200503');
insert into exam_subject_2_group (subject_code,group_code) values ('0302','200503');
insert into exam_subject_2_group (subject_code,group_code) values ('0303','200503');
insert into exam_subject_2_group (subject_code,group_code) values ('0307','200503');
insert into exam_subject_2_group (subject_code,group_code) values ('0308','200503');
insert into exam_subject_2_group (subject_code,group_code) values ('0309','200503');
insert into exam_subject_2_group (subject_code,group_code) values ('0301','200504');
insert into exam_subject_2_group (subject_code,group_code) values ('0302','200504');
insert into exam_subject_2_group (subject_code,group_code) values ('0303','200504');
insert into exam_subject_2_group (subject_code,group_code) values ('0307','200504');
insert into exam_subject_2_group (subject_code,group_code) values ('0308','200504');
insert into exam_subject_2_group (subject_code,group_code) values ('0309','200504');
insert into exam_subject_2_group (subject_code,group_code) values ('0301','200505');
insert into exam_subject_2_group (subject_code,group_code) values ('0302','200505');
insert into exam_subject_2_group (subject_code,group_code) values ('0303','200505');
insert into exam_subject_2_group (subject_code,group_code) values ('0307','200505');
insert into exam_subject_2_group (subject_code,group_code) values ('0308','200505');
insert into exam_subject_2_group (subject_code,group_code) values ('0309','200505');

insert into exam_subject_2_group (subject_code,group_code) values ('0201','200601');
insert into exam_subject_2_group (subject_code,group_code) values ('0202','200601');
insert into exam_subject_2_group (subject_code,group_code) values ('0203','200601');
insert into exam_subject_2_group (subject_code,group_code) values ('0204','200601');
insert into exam_subject_2_group (subject_code,group_code) values ('0205','200601');
insert into exam_subject_2_group (subject_code,group_code) values ('0206','200601');
insert into exam_subject_2_group (subject_code,group_code) values ('0201','200602');
insert into exam_subject_2_group (subject_code,group_code) values ('0202','200602');
insert into exam_subject_2_group (subject_code,group_code) values ('0203','200602');
insert into exam_subject_2_group (subject_code,group_code) values ('0204','200602');
insert into exam_subject_2_group (subject_code,group_code) values ('0205','200602');
insert into exam_subject_2_group (subject_code,group_code) values ('0206','200602');
insert into exam_subject_2_group (subject_code,group_code) values ('0201','200603');
insert into exam_subject_2_group (subject_code,group_code) values ('0202','200603');
insert into exam_subject_2_group (subject_code,group_code) values ('0203','200603');
insert into exam_subject_2_group (subject_code,group_code) values ('0207','200603');
insert into exam_subject_2_group (subject_code,group_code) values ('0208','200603');
insert into exam_subject_2_group (subject_code,group_code) values ('0209','200603');
insert into exam_subject_2_group (subject_code,group_code) values ('0201','200604');
insert into exam_subject_2_group (subject_code,group_code) values ('0202','200604');
insert into exam_subject_2_group (subject_code,group_code) values ('0203','200604');
insert into exam_subject_2_group (subject_code,group_code) values ('0207','200604');
insert into exam_subject_2_group (subject_code,group_code) values ('0208','200604');
insert into exam_subject_2_group (subject_code,group_code) values ('0209','200604');
insert into exam_subject_2_group (subject_code,group_code) values ('0201','200605');
insert into exam_subject_2_group (subject_code,group_code) values ('0202','200605');
insert into exam_subject_2_group (subject_code,group_code) values ('0203','200605');
insert into exam_subject_2_group (subject_code,group_code) values ('0207','200605');
insert into exam_subject_2_group (subject_code,group_code) values ('0208','200605');
insert into exam_subject_2_group (subject_code,group_code) values ('0209','200605');

insert into exam_subject_2_group (subject_code,group_code) values ('0101','200701');
insert into exam_subject_2_group (subject_code,group_code) values ('0102','200701');
insert into exam_subject_2_group (subject_code,group_code) values ('0103','200701');
insert into exam_subject_2_group (subject_code,group_code) values ('0104','200701');
insert into exam_subject_2_group (subject_code,group_code) values ('0105','200701');
insert into exam_subject_2_group (subject_code,group_code) values ('0106','200701');
insert into exam_subject_2_group (subject_code,group_code) values ('0101','200702');
insert into exam_subject_2_group (subject_code,group_code) values ('0102','200702');
insert into exam_subject_2_group (subject_code,group_code) values ('0103','200702');
insert into exam_subject_2_group (subject_code,group_code) values ('0104','200702');
insert into exam_subject_2_group (subject_code,group_code) values ('0105','200702');
insert into exam_subject_2_group (subject_code,group_code) values ('0106','200702');
insert into exam_subject_2_group (subject_code,group_code) values ('0101','200703');
insert into exam_subject_2_group (subject_code,group_code) values ('0102','200703');
insert into exam_subject_2_group (subject_code,group_code) values ('0103','200703');
insert into exam_subject_2_group (subject_code,group_code) values ('0107','200703');
insert into exam_subject_2_group (subject_code,group_code) values ('0108','200703');
insert into exam_subject_2_group (subject_code,group_code) values ('0109','200703');
insert into exam_subject_2_group (subject_code,group_code) values ('0101','200704');
insert into exam_subject_2_group (subject_code,group_code) values ('0102','200704');
insert into exam_subject_2_group (subject_code,group_code) values ('0103','200704');
insert into exam_subject_2_group (subject_code,group_code) values ('0107','200704');
insert into exam_subject_2_group (subject_code,group_code) values ('0108','200704');
insert into exam_subject_2_group (subject_code,group_code) values ('0109','200704');
insert into exam_subject_2_group (subject_code,group_code) values ('0101','200705');
insert into exam_subject_2_group (subject_code,group_code) values ('0102','200705');
insert into exam_subject_2_group (subject_code,group_code) values ('0103','200705');
insert into exam_subject_2_group (subject_code,group_code) values ('0107','200705');
insert into exam_subject_2_group (subject_code,group_code) values ('0108','200705');
insert into exam_subject_2_group (subject_code,group_code) values ('0109','200705');
